{
	"MagneticFieldStrength": 9.39901,
	"SeriesNumber": 110001,
	"AcquisitionTime": "09:50:47.700000"
}
